fiscal_yr,service_id,service_name_en,service_name_fr,service_description_en,service_description_fr,service_type,service_recipient_type,service_scope,client_target_groups,program_id,program_name_en,program_name_fr,client_feedback_channel,automated_decision_system,automated_decision_system_description_en,automated_decision_system_description_fr,service_fee,os_account_registration,os_authentication,os_application,os_decision,os_issuance,os_issue_resolution_feedback,os_comments_client_interaction_en,os_comments_client_interaction_fr,last_service_review,last_service_improvement,sin_usage,cra_bn_identifier_usage,num_phone_enquiries,num_applications_by_phone,num_website_visits,num_applications_online,num_applications_in_person,num_applications_by_mail,num_applications_by_email,num_applications_by_fax,num_applications_by_other,num_applications_total,special_remarks_en,special_remarks_fr,service_uri_en,service_uri_fr,owner_org,owner_org_title
2024-2025,3595,ATSSC  Library Services,Services de Bibliothèque du SCDATA,"The ATSSC Library Services provides essential support for the loan and acquisition of library materials, including the maintenance of the library catalogue. Services include facilitating loans for tribunal members and secretariat staff, managing interlibrary loans with other government libraries, and acquiring printed and digital materials or licenses. The library also develops and maintains a collection index, and ensures its relevance through ongoing inventory management. Training, engagement and communications on library services are also provided to ensure the library remains relevant and the needs of the community are met.","Les services de bibliothèque du SCDATA assurent le prêt et l'acquisition de documents et de services de bibliothèque, y compris la maintenance du catalogue de la bibliothèque. Les services comprennent : la facilitation des prêts pour les membres du tribunal et le personnel du secrétariat, y compris les prêts interbibliothèques avec d'autres bibliothèques gouvernementales ; l'acquisition de documents imprimés et numériques et/ou de licences (abonnements) ; et la fourniture de références et d'une assistance aux utilisateurs pour les membres du tribunal et le personnel du secrétariat afin de les aider dans leurs recherches de ressources.",RES,CLIENT,INTERN,INTERN_GOV,ISSA6,'Information Management Services',"""Services de gestion de l'information""","EML,ONL,PERSON,TEL",N,,,N,NA,NA,NA,NA,NA,NA,No online service where clients interact with the library are in place.,Il n'y a pas de services en ligne permettant aux clients d'interagir avec la bibliothèque.,2022-2023,2022-2023,N,N,NA,NA,NA,NA,NA,NA,NA,NA,NA,0,These statistics are not currently tracked for reporting purposes.,Ces statistiques ne sont pas actuellement suivies à des fins de rapport.,NA,NA,atssc-scdata,Administrative Tribunals Support Service of Canada | Service canadien d'appui aux tribunaux administratifs
2024-2025,3598,Access to Information and Privacy,Accès à l’information et protection des renseignements personnels,"The Access to Information Act gives Canadian citizens, permanent residents, and any person or corporation present in Canada a right to access records of government institutions that are subject to the Act. The Privacy Act gives Canadian citizens, permanent residents, and individuals present in Canada the right to access their personal information held by government institutions that are subject to the Act, and protects that information against unauthorized collection, use, retention and disclosure.","La Loi sur l’accès à l’information accorde aux citoyens canadiens, aux résidents permanents et à toute personne ou société présents au Canada un droit d’accès aux documents des institutions fédérales assujetties à la Loi.La Loi sur la protection des renseignements personnels donne aux citoyens canadiens, aux résidents permanents et aux personnes présentes au Canada le droit d’accéder à leurs renseignements personnels détenus par les institutions gouvernementales assujetties à la Loi, et protège ces renseignements contre la collecte, l’utilisation, la conservation et la divulgation non autorisées.",INFO,SOCIETY,EXTERN,PERSON,BSJ03,'Access to information and privacy',"""Accès à l'information et protection des renseignements personnels""","EML,FAX,ONL,POST",N,,,Y,Y,N,Y,N,N,N,,,2023-2024,,N,N,NA,NA,NA,15,2,1,NA,NA,NA,18,,,https://www.canada.ca/en/administrative-tribunals-support-service/contact.html,https://www.canada.ca/fr/service-canadien-appui-tribunaux-administratifs/coordonnees.html,atssc-scdata,Administrative Tribunals Support Service of Canada | Service canadien d'appui aux tribunaux administratifs
2023-2024,2224,AAFC Contact Centre,Centre d’appels de la Direction des programmes du revenu agricole (DPRA),"The Farm Income Programs Directorate within AAFC operates a Contact Centre that provides first contact resolution for clients
for AgriInvest and AgriStability enquiries and provides first level support for over 28 additional AAFC program and services
delivered by the department.","La Direction des programmes du revenu agricole d’AAC exploite un centre d’appels qui agit à titre de premier point de contact pour la résolution des problèmes des clients en ce qui concerne les demandes de renseignements relatives à Agri‑investissement et à Agri‑stabilité, et qui offre un soutien de premier niveau pour plus de 28 autres programmes et services administrés par AAC.",INFO,CLIENT,EXTERN,ECONOM,BWN02,'Sector Engagement and Development','Mobilisation et développement du secteur',TEL,N,,,N,NA,NA,NA,NA,NA,NA,The Contact Centre is a telephone service that responds to general inquiries for clients of programming related to the Canadian Agricultural Policy framework.,Le centre d’appels est un service téléphonique qui répond aux demandes de renseignements généraux des clients sur les programmes liés au cadre stratégique pour l’agriculture du Canada.,2022-2023,2021-2022,NA,NA,31689,NA,NA,NA,NA,NA,NA,NA,NA,0,The Contact Centre is a telephone service that responds to general inquiries for clients of programming related to the Canadian Agricultural Policy framework.,Le centre d’appels est un service téléphonique qui répond aux demandes de renseignements généraux des clients sur les programmes liés au cadre stratégique pour l’agriculture du Canada.,https://agriculture.canada.ca/en/agricultural-programs-and-services/agristability/resources/service-standard-statistics#a1,https://agriculture.canada.ca/fr/programmes-services-agricoles/agri-stabilite/ressources/statistiques-normes-service#a1,aafc-aac,Agriculture and Agri-Food Canada | Agriculture et Agroalimentaire Canada
2023-2024,SRV03054,African Swine Fever Industry Preparedness Program: Prevention and Preparedness Stream,Programme de préparation de l’industrie à la peste porcine africaine : Volet Prévention et préparation,The African Swine Fever Prevention and Preparedness investment aims to enhance efforts to prevent African swine fever (ASF) from entering Canada and prepare for a potential outbreak.,L’investissement de prévention et de préparation liée à la peste porcine africaine vise à renforcer les efforts pour empêcher l’entrée de la peste porcine africaine (PPA) au Canada et à se préparer à une éventuelle éclosion.,"GNC,RES",CLIENT,EXTERN,ECONOM,BWP13,'African Swine Fever Response',"""Intervention en cas d'éclosion de la peste porcine africaine""","EML,ONL,TEL",N,,,N,N,N,N,N,Y,Y,,,2022-2023,2023-2024,NA,Y,5,NA,NA,16,NA,0,0,NA,NA,16,"Phone application are blank because the submission of a completed application form is required. 

Online applications is not applicable because AAFC does not offer an online channel for this service at this time. 

In-person applications is blank because AAFC does not offer an in-person channel for this service.

Fax applications is blank because AAFC does not offer a fax channel for this service.","La présentation de demandes par téléphone ne s’applique pas, car un formulaire de demande dûment rempli doit être présenté. 

La présentation de demandes en ligne ne s’applique pas, car AAC n’offre pas de services en ligne pour ce service pour le moment. 

La présentation de demandes en personne ne s’applique pas, car AAC n’offre pas de services en personne pour ce service.

La présentation de demandes par télécopieur ne s’applique pas, car AAC n’offre pas de services par télécopieur pour ce service.",https://agriculture.canada.ca/en/programs/african-swine-fever-industry-preparedness-prevention-stream,https://agriculture.canada.ca/en/programs/african-swine-fever-industry-preparedness-prevention-stream,aafc-aac,Agriculture and Agri-Food Canada | Agriculture et Agroalimentaire Canada
2023-2024,SRV03055,African Swine Fever Industry Preparedness Program: Welfare Slaughter and Disposal Stream,Programme de préparation de l’industrie à la peste porcine africaine : Volet Abattage par compassion et élimination,The African Swine Fever Prevention and Preparedness investment aims to enhance efforts to prevent African swine fever (ASF) from entering Canada and prepare for a potential outbreak.,L’investissement de prévention et de préparation liée à la peste porcine africaine vise à renforcer les efforts pour empêcher l’entrée de la peste porcine africaine (PPA) au Canada et à se préparer à une éventuelle éclosion.,"GNC,RES",CLIENT,EXTERN,ECONOM,BWP13,'African Swine Fever Response',"""Intervention en cas d'éclosion de la peste porcine africaine""","EML,ONL,TEL",N,,,N,N,N,N,N,Y,Y,,,2022-2023,2023-2024,NA,Y,4,NA,NA,19,NA,0,0,NA,NA,19,"Phone application are blank because the submission of a completed application form is required. 

Online applications is not applicable because AAFC does not offer an online channel for this service at this time. 

In-person applications is blank because AAFC does not offer an in-person channel for this service.

Fax applications is blank because AAFC does not offer a fax channel for this service.","La présentation de demandes par téléphone ne s’applique pas, car un formulaire de demande dûment rempli doit être présenté. 

La présentation de demandes en ligne ne s’applique pas, car AAC n’offre pas de services en ligne pour ce service pour le moment. 

La présentation de demandes en personne ne s’applique pas, car AAC n’offre pas de services en personne pour ce service.

La présentation de demandes par télécopieur ne s’applique pas, car AAC n’offre pas de services par télécopieur pour ce service.",https://agriculture.canada.ca/en/programs/african-swine-fever-industry-preparedness-welfare-slaughter-disposal-stream,https://agriculture.canada.ca/fr/programmes/preparation-lindustrie-peste-porcine-africaine-volet-abattage-compassion-elimination,aafc-aac,Agriculture and Agri-Food Canada | Agriculture et Agroalimentaire Canada
2023-2024,136,AgriAssurance: National Industry Association Component,Programme Agri-assurance : Volet Associations nationales de l'industrie,"Funds projects, at the national level, to help industry develop and adopt systems, standards and tools to support health and safety claims about Canadian agricultural and agri-food products.","Financer des projets, au niveau national, destinés à aider l'industrie à élaborer et à adopter des systèmes, des normes et des outils permettant de formuler des affirmations pertinentes sur la qualité, la santé et la salubrité des produits agricoles et agroalimentaires canadiens.","GNC,RES",CLIENT,EXTERN,ECONOM,BWP09,'Assurance Program',"""Programme d'assurance""","EML,ONL,POST,TEL",N,,,N,Y,Y,Y,Y,Y,Y,,,2022-2023,2023-2024,NA,Y,18,NA,NA,27,NA,0,0,NA,NA,27,"Phone application are blank because the submission of a completed application form is required. 

Fax applications is blank because AAFC does not offer a fax channel for this service.

In-person applications is blank because AAFC does not offer an in-person channel for this service.","La présentation de demandes par téléphone ne s’applique pas, car un formulaire de demande dûment rempli doit être présenté. 

La présentation de demandes en personne ne s’applique pas, car AAC n’offre pas de services en personne pour ce service.

La présentation de demandes par télécopieur ne s’applique pas, car AAC n’offre pas de services par télécopieur pour ce service.",https://agriculture.canada.ca/en/agricultural-programs-and-services/agriassurance-program-national-industry-association-component,https://agriculture.canada.ca/fr/programmes-services-agricoles/programme-agri-assurance-volet-associations-nationales-lindustrie,aafc-aac,Agriculture and Agri-Food Canada | Agriculture et Agroalimentaire Canada
2023-2024,158,AgriAssurance: Small and Medium-sized Enterprise,Programme Agri-assurance : Volet Petites et moyennes entreprises,"Provides targeted support to companies to help thir-party assurance certification projects that address international market requirements, thus, helping expand export opportunities for Canadian agriculture and agri-food products","Fournissent un soutien ciblé aux entreprises, afin de les aider à mettre en œuvre des projets de certification de systèmes d’assurance de tiers qui tiennent compte des exigences des marchés internationaux, contribuant ainsi à accroître les possibilités d’exportation des produits agricoles et agroalimentaires canadiens","GNC,RES",CLIENT,EXTERN,ECONOM,BWP09,'Assurance Program',"""Programme d'assurance""","EML,ONL,POST,TEL",N,,,N,Y,Y,Y,Y,Y,Y,,,2022-2023,2023-2024,NA,Y,19,NA,NA,18,NA,0,0,NA,NA,18,"Phone application are blank because the submission of a completed application form is required. 

In-person applications is blank because AAFC does not offer an in-person channel for this service.

Fax applications is blank because AAFC does not offer a fax channel for this service.","La présentation de demandes par téléphone ne s’applique pas, car un formulaire de demande dûment rempli doit être présenté. 

La présentation de demandes en personne ne s’applique pas, car AAC n’offre pas de services en personne pour ce service.

La présentation de demandes par télécopieur ne s’applique pas, car AAC n’offre pas de services par télécopieur pour ce service.",https://agriculture.canada.ca/en/agricultural-programs-and-services/agriassurance-small-and-medium-sized-enterprise-component,https://agriculture.canada.ca/fr/programmes-services-agricoles/programme-agri-assurance-volet-petites-moyennes-entreprises,aafc-aac,Agriculture and Agri-Food Canada | Agriculture et Agroalimentaire Canada
2023-2024,SRV03056,AgriCommunication,Programme Agri-communication,The AgriCommunication Program will focus specifically on supporting activities which increase appreciation and pride in the contributions of farmers and the food industry and enhance public trust.,Le Programme Agri-communication est une initiative fédérale qui portera spécifiquement sur les activités connexes qui accroissent l'appréciation et la fierté à l'égard des contributions des producteurs agricoles et de l'industrie alimentaire et qui renforcent la confiance du public.,"GNC,RES",CLIENT,EXTERN,ECONOM,BWN09,'Food Policy Initiatives','Initiatives relatives à la politique alimentaire',"EML,ONL,TEL",N,,,N,N,N,N,N,Y,Y,,,2022-2023,2023-2024,NA,Y,9,NA,NA,2,NA,0,1,NA,NA,3,"Phone application are blank because the submission of a completed application form is required. 

Online applications is not applicable because AAFC does not offer an online channel for this service at this time. 

In-person applications is blank because AAFC does not offer an in-person channel for this service.

Fax applications is blank because AAFC does not offer a fax channel for this service.","La présentation de demandes par téléphone ne s’applique pas, car un formulaire de demande dûment rempli doit être présenté. 

La présentation de demandes en ligne ne s’applique pas, car AAC n’offre pas de services en ligne pour ce service pour le moment. 

La présentation de demandes en personne ne s’applique pas, car AAC n’offre pas de services en personne pour ce service.

La présentation de demandes par télécopieur ne s’applique pas, car AAC n’offre pas de services par télécopieur pour ce service.",https://agriculture.canada.ca/en/programs/agricommunication,https://agriculture.canada.ca/fr/programmes/agri-communication,aafc-aac,Agriculture and Agri-Food Canada | Agriculture et Agroalimentaire Canada
2023-2024,144,AgriCompetitiveness,Programme Agri-compétitivité,"Provides support to national not-for-profit organizations to undertake activities that support agri-businesses to transition, adapt and improve their profitability and resilience by nurturing entrepreneurial capacity.","Offre de l'aide aux organisations nationales sans but lucratif pour réaliser des activités permettant aux entreprises agricoles d'effectuer la transition, de s'adapter et d'améliorer leur rentabilité et leur résilience en développant la capacité entrepreneuriale.","GNC,RES",CLIENT,EXTERN,ECONOM,BWN02,'Sector Engagement and Development','Mobilisation et développement du secteur',"EML,ONL,POST,TEL",N,,,N,Y,Y,Y,Y,Y,Y,,,2022-2023,2023-2024,NA,Y,14,NA,NA,27,NA,0,0,NA,NA,27,"Phone application are blank because the submission of a completed application form is required. 

In-person applications is blank because AAFC does not offer an in-person channel for this service.

Fax applications is blank because AAFC does not offer a fax channel for this service.","La présentation de demandes par téléphone ne s’applique pas, car un formulaire de demande dûment rempli doit être présenté. 

La présentation de demandes en personne ne s’applique pas, car AAC n’offre pas de services en personne pour ce service.

La présentation de demandes par télécopieur ne s’applique pas, car AAC n’offre pas de services par télécopieur pour ce service.",https://agriculture.canada.ca/en/agricultural-programs-and-services/agricompetitiveness-program,https://agriculture.canada.ca/fr/programmes-services-agricoles/programme-agri-competitivite,aafc-aac,Agriculture and Agri-Food Canada | Agriculture et Agroalimentaire Canada
2023-2024,1984,Agricultural Clean Technology Program: Adoption Stream,Programme des technologies propres en agriculture,"Funding for projects that support research, development, demonstration, commercialization and adoption of clean technologies in Canada's agriculture and agri-food sectors","Financement de projets qui appuient la recherche, le développement, la démonstration, la commercialisation et l'adoption de technologies propres dans les secteurs agricole et agroalimentaire du Canada","GNC,RES",CLIENT,EXTERN,ECONOM,BWO01,'Foundational Science and Research','Science et recherche fondamentales',"EML,ONL,POST,TEL",N,,,N,N,N,N,N,Y,Y,,,2022-2023,2023-2024,NA,Y,416,NA,NA,NA,NA,0,71,NA,NA,71,"Phone application are blank because the submission of a completed application form is required. 

Online applications is not applicable because AAFC does not offer an online channel for this service at this time. 

In-person applications is blank because AAFC does not offer an in-person channel for this service.

Fax applications is blank because AAFC does not offer a fax channel for this service.","La présentation de demandes par téléphone ne s’applique pas, car un formulaire de demande dûment rempli doit être présenté. 

La présentation de demandes en ligne ne s’applique pas, car AAC n’offre pas de services en ligne pour ce service pour le moment. 

La présentation de demandes en personne ne s’applique pas, car AAC n’offre pas de services en personne pour ce service.

La présentation de demandes par télécopieur ne s’applique pas, car AAC n’offre pas de services par télécopieur pour ce service.",https://agriculture.canada.ca/en/programs/agricultural-clean-technology-adoption-stream,https://agriculture.canada.ca/fr/programmes/technologies-propres-agriculture-volet-adoption,aafc-aac,Agriculture and Agri-Food Canada | Agriculture et Agroalimentaire Canada
2023-2024,SRV03057,Agricultural Clean Technology:Research and Innovation Stream,Programme des technologies propres en agriculture : Volet Recherche et innovation,"The Research and Innovation Stream will support pre-market innovation, including research, development, demonstration and commercialization activities, to develop transformative clean technologies and enable the expansion of current technologies, in 3 priority areas: Green energy and energy efficiency, precision agriculture, bioeconomy.","Le Volet Recherche et innovation soutiendra l’innovation précédant la mise en marché, notamment les activités de recherche, de développement, de démonstration et de commercialisation, afin de développer des technologies propres et transformatrices et de permettre l’expansion des technologies actuelles dans trois domaines prioritaires : Énergie verte et efficacité énergétique, Agriculture de précision, Bioéconomie","GNC,RES",CLIENT,EXTERN,ECONOM,BWO01,'Foundational Science and Research','Science et recherche fondamentales',"EML,ONL,POST,TEL",N,,,N,N,N,N,N,Y,Y,,,2022-2023,2022-2023,NA,Y,417,NA,NA,NA,NA,0,23,NA,NA,23,"Phone application are blank because the submission of a completed application form is required. 

Online applications is not applicable because AAFC does not offer an online channel for this service at this time. 

In-person applications is blank because AAFC does not offer an in-person channel for this service.

Fax applications is blank because AAFC does not offer a fax channel for this service.","La présentation de demandes par téléphone ne s’applique pas, car un formulaire de demande dûment rempli doit être présenté. 

La présentation de demandes en ligne ne s’applique pas, car AAC n’offre pas de services en ligne pour ce service pour le moment. 

La présentation de demandes en personne ne s’applique pas, car AAC n’offre pas de services en personne pour ce service.

La présentation de demandes par télécopieur ne s’applique pas, car AAC n’offre pas de services par télécopieur pour ce service.",https://agriculture.canada.ca/en/programs/agricultural-clean-technology-research-innovation-stream,https://agriculture.canada.ca/fr/programmes/technologies-propres-agriculture-volet-recherche-innovation,aafc-aac,Agriculture and Agri-Food Canada | Agriculture et Agroalimentaire Canada
2023-2024,SRV02745,Agriculture Climate Solutions,Solutions Agricoles Pour le Climat,"A multi-stream program that will help to develop and implement farming practices to tackle climate change. Through agricultural practices, such as shelterbelts or cover crops, farmland can store carbon and reduce greenhouse gas emissions.","Aidera à mettre au point et à mettre en œuvre des practiques agrocoles pour lutter contre les changements climatiques. Grâce à des pratiques agricoles comme les plantations brise-vent ou les cultures de couverture, les terres agricoles peuvent stocker le carbone et réduire les émissions de gaz à effet de serre.","GNC,RES",CLIENT,EXTERN,NGO,BWO04,'Environment and Climate Change Programs',"""Programmes en matière d'environnement et de changements climatiques""","EML,ONL,POST,TEL",N,,,N,N,N,N,N,Y,Y,,,2022-2023,2023-2024,NA,Y,10,NA,NA,NA,NA,0,7,NA,NA,7,"Phone application are blank because the submission of a completed application form is required. 

Online applications is not applicable because AAFC does not offer an online channel for this service at this time. 

In-person applications is blank because AAFC does not offer an in-person channel for this service.

Fax applications is blank because AAFC does not offer a fax channel for this service.","La présentation de demandes par téléphone ne s’applique pas, car un formulaire de demande dûment rempli doit être présenté. 

La présentation de demandes en ligne ne s’applique pas, car AAC n’offre pas de services en ligne pour ce service pour le moment. 

La présentation de demandes en personne ne s’applique pas, car AAC n’offre pas de services en personne pour ce service.

La présentation de demandes par télécopieur ne s’applique pas, car AAC n’offre pas de services par télécopieur pour ce service.",https://agriculture.canada.ca/en/agricultural-programs-and-services/agricultural-climate-solutions-program-living-labs-step-1-what-program-offers,https://agriculture.canada.ca/fr/programmes-services-agricoles/solutions-agricoles-climat-etape-1-ce-quoffre-ce-programme,aafc-aac,Agriculture and Agri-Food Canada | Agriculture et Agroalimentaire Canada
2023-2024,161,AgriDiversity,Programme Agri-diversité,"Aims to help under-represented groups in Canadian agriculture, including youth, women, Indigenous Peoples, and persons with disabilities, to fully participate in the sector by helping these groups address the key issues and barriers they often face for sector participation.","vise à aider les groupes sous-représentés du secteur agricole canadien, tels que les jeunes, les femmes, les Autochtones et les personnes handicapées, à participer pleinement au secteur, en les aidant à surmonter les problèmes et les obstacles auxquels ils sont souvent confrontés.","GNC,RES",CLIENT,EXTERN,NGO,BWN02,'Sector Engagement and Development','Mobilisation et développement du secteur',"EML,ONL,POST,TEL",N,,,N,Y,Y,Y,Y,Y,Y,,,2022-2023,2023-2024,NA,Y,31,NA,NA,26,NA,0,0,NA,NA,26,"Phone application are blank because the submission of a completed application form is required. 

In-person applications is blank because AAFC does not offer an in-person channel for this service.

Fax applications is blank because AAFC does not offer a fax channel for this service.","La présentation de demandes par téléphone ne s’applique pas, car un formulaire de demande dûment rempli doit être présenté. 

La présentation de demandes en personne ne s’applique pas, car AAC n’offre pas de services en personne pour ce service.

La présentation de demandes par télécopieur ne s’applique pas, car AAC n’offre pas de services par télécopieur pour ce service.",https://agriculture.canada.ca/en/agricultural-programs-and-services/agridiversity-program,https://agriculture.canada.ca/fr/programmes-services-agricoles/programme-agri-diversite,aafc-aac,Agriculture and Agri-Food Canada | Agriculture et Agroalimentaire Canada
2023-2024,139,AgriInnovate Program,Programme Agri-innover,"This program provides repayable contributions for projects that aim to accelerate the demonstration, commercialization and/or adoption of innovative products, technologies, processes or services that increase agri-sector competitiveness and sustainability.","Le Programme offre des contributions financières remboursables pour des projets qui visent à accélérer la démonstration, la commercialisation et l'adoption de produits, technologies, procédés ou services innovateurs afin d'accroître la compétitivité et la viabilité dans le secteur de l'agriculture.","GNC,RES",CLIENT,EXTERN,ECONOM,BWO03,'AgriInnovate','Agri-innover',"EML,ONL,POST,TEL",N,,,N,Y,Y,Y,Y,Y,Y,,,2022-2023,2023-2024,NA,Y,138,NA,NA,3,NA,0,NA,NA,NA,3,"Phone application are blank because the submission of a completed application form is required. 

Fax applications is blank because AAFC does not offer a fax channel for this service.

In-person applications is blank because AAFC does not offer an in-person channel for this service.","La présentation de demandes par téléphone ne s’applique pas, car un formulaire de demande dûment rempli doit être présenté. 

La présentation de demandes en personne ne s’applique pas, car AAC n’offre pas de services en personne pour ce service.

La présentation de demandes par télécopieur ne s’applique pas, car AAC n’offre pas de services par télécopieur pour ce service.",https://agriculture.canada.ca/en/agricultural-programs-and-services/agriinnovate-program,https://agriculture.canada.ca/fr/programmes-services-agricoles/programme-agri-innover,aafc-aac,Agriculture and Agri-Food Canada | Agriculture et Agroalimentaire Canada
2023-2024,133,AgriInvest,Agri-investissement,"Provides matching contributions to producers who make annual deposits to an AgriInvest account, to help manage income declines or make investments to mitigate risks or improve market income.","Offre des contributions de contrepartie aux producteurs qui font des dépôts annuels dans un compte Agri-investissement, afin de gérer les baisses de revenus ou de faire des investissements dans le but d'atténuer les risques ou d'améliorer les revenus tirés du marché.","GNC,RES",CLIENT,EXTERN,ECONOM,BWP02,'AgriInvest','Agri-investissement',"EML,ONL,TEL",N,,,N,Y,Y,Y,Y,Y,Y,,,2022-2023,2022-2023,Y,Y,20003,NA,NA,69622,NA,7357,0,NA,24597,101576,"Phone application are blank because the submission of a completed application form is required.

In-person applications is blank because AAFC does not offer an in-person channel for this service.

Fax applications is blank because AAFC does not offer a fax channel for this service.","La présentation de demandes par téléphone ne s’applique pas, car un formulaire de demande dûment rempli doit être présenté. 

La présentation de demandes en personne ne s’applique pas, car AAC n’offre pas de services en personne pour ce service.

La présentation de demandes par télécopieur ne s’applique pas, car AAC n’offre pas de services par télécopieur pour ce service.",https://agriculture.canada.ca/en/agricultural-programs-and-services/agriinvest,https://agriculture.canada.ca/fr/programmes-services-agricoles/agri-investissement,aafc-aac,Agriculture and Agri-Food Canada | Agriculture et Agroalimentaire Canada
2023-2024,137,AgriMarketing Program: National Industry Association,Programme Agri-marketing : Volet Associations nationales de l'industrie,"Provides support to increase and diversify exports to international markets and seize domestic market opportunities through industry-led promotional activities that differentiate Canadian products and producers, and leverage Canada’s reputation for high quality and safe food.","Le programme finance des projets qui vise à accroître et à diversifier les exportations à l'étranger, et à saisir des débouchés sur le marché national par l'entremise d'activités promotionnelles dirigées par l'industrie qui distinguent les produits et producteurs canadiens et misent sur la réputation du Canada comme producteur d'aliments de grande qualité et sans danger pour la santé.","GNC,RES",CLIENT,EXTERN,ECONOM,BWN01,'Trade and Market Expansion','Croissance du commerce et des marchés',"EML,ONL,POST,TEL",N,,,N,Y,Y,Y,Y,Y,Y,,,2022-2023,2023-2024,NA,Y,35,NA,NA,45,NA,0,0,NA,NA,45,"Phone application are blank because the submission of a completed application form is required. 

Fax applications is blank because AAFC does not offer a fax channel for this service.

In-person applications is blank because AAFC does not offer an in-person channel for this service.","La présentation de demandes par téléphone ne s’applique pas, car un formulaire de demande dûment rempli doit être présenté. 

La présentation de demandes en personne ne s’applique pas, car AAC n’offre pas de services en personne pour ce service.

La présentation de demandes par télécopieur ne s’applique pas, car AAC n’offre pas de services par télécopieur pour ce service.",https://agriculture.canada.ca/en/agricultural-programs-and-services/agrimarketing-program,https://agriculture.canada.ca/fr/programmes-services-agricoles/programme-agri-marketing,aafc-aac,Agriculture and Agri-Food Canada | Agriculture et Agroalimentaire Canada
2023-2024,140,AgriRisk: Administrative Capacity Stream,Initiatives Agri-risques: Volet de renforcement des capacités administratives,Provides funding for building the administrative capacity for the delivery of new risk management tools.,Offre du financement pour renforcer la capacité administrative requise pour la mise au point de nouveaux outils de gestion des risques.,"GNC,RES",CLIENT,EXTERN,NGO,BWP05,'AgriRisk','Agri-risques',"EML,ONL,POST,TEL",N,,,N,N,N,N,N,Y,Y,,,2022-2023,2022-2023,NA,Y,2,NA,NA,NA,NA,0,0,NA,NA,0,"Phone application are blank because the submission of a completed application form is required. 

Online applications is not applicable because AAFC does not offer an online channel for this service at this time. 

Fax applications is blank because AAFC does not offer a fax channel for this service.

In-person applications is blank because AAFC does not offer an in-person channel for this service.","La présentation de demandes par téléphone ne s’applique pas, car un formulaire de demande dûment rempli doit être présenté. 

La présentation de demandes en ligne ne s’applique pas, car AAC n’offre pas de services en ligne pour ce service pour le moment. 

La présentation de demandes en personne ne s’applique pas, car AAC n’offre pas de services en personne pour ce service.

La présentation de demandes par télécopieur ne s’applique pas, car AAC n’offre pas de services par télécopieur pour ce service.",https://www.canada.ca/en/agriculture-agri-food/news/2019/08/agririsk-initiatives-program-to-re-open-for-applications.html,https://www.canada.ca/fr/agriculture-agroalimentaire/nouvelles/2019/08/nouvelle-periode-dacceptation-des-demandes-au-titre-du-programme-des-initiatives-agri-risques.html,aafc-aac,Agriculture and Agri-Food Canada | Agriculture et Agroalimentaire Canada
2023-2024,1980,AgriRisk: Microgrants,Initiatives Agri-risques: Microsubventions,Provides funding for academic research proposals that address issues relevant to business risk management in the Canadian agriculture sector.,Offre du financement pour des projets de recherche universitaire portant sur des questions liées aux objectifs de la politique de gestion des risques de l’entreprise dans le secteur agricole du Canada.,"GNC,RES",CLIENT,EXTERN,NGO,BWP05,'AgriRisk','Agri-risques',"EML,ONL,POST,TEL",N,,,N,N,N,N,N,Y,Y,,,2022-2023,2022-2023,NA,Y,0,NA,NA,NA,NA,0,0,NA,NA,0,"Phone application are blank because the submission of a completed application form is required. 

Online applications is not applicable because AAFC does not offer an online channel for this service at this time. 

In-person applications is blank because AAFC does not offer an in-person channel for this service.

Fax applications is blank because AAFC does not offer a fax channel for this service.","La présentation de demandes par téléphone ne s’applique pas, car un formulaire de demande dûment rempli doit être présenté. 

La présentation de demandes en ligne ne s’applique pas, car AAC n’offre pas de services en ligne pour ce service pour le moment. 

La présentation de demandes en personne ne s’applique pas, car AAC n’offre pas de services en personne pour ce service.

La présentation de demandes par télécopieur ne s’applique pas, car AAC n’offre pas de services par télécopieur pour ce service.",https://www.canada.ca/en/agriculture-agri-food/news/2019/08/agririsk-initiatives-program-to-re-open-for-applications.html,https://www.canada.ca/fr/agriculture-agroalimentaire/nouvelles/2019/08/nouvelle-periode-dacceptation-des-demandes-au-titre-du-programme-des-initiatives-agri-risques.html,aafc-aac,Agriculture and Agri-Food Canada | Agriculture et Agroalimentaire Canada
2023-2024,1981,AgriRisk: Research and Development Contribution Funding Stream,Initiatives Agri-risques: Volet de financement par contribution de recherche et développement,Provides financial assistance for industry-led research and development of risk management tools.,Offre de l’aide financière pour la recherche et le développement d'outils de gestion des risques dirigés par l'industrie.,"GNC,RES",CLIENT,EXTERN,NGO,BWP05,'AgriRisk','Agri-risques',"EML,ONL,POST,TEL",N,,,N,N,N,N,N,Y,Y,,,2022-2023,2022-2023,NA,Y,0,NA,NA,NA,NA,0,0,NA,NA,0,"Phone application are blank because the submission of a completed application form is required. 

Online applications is not applicable because AAFC does not offer an online channel for this service at this time. 

In-person applications is blank because AAFC does not offer an in-person channel for this service.

Fax applications is blank because AAFC does not offer a fax channel for this service.","La présentation de demandes par téléphone ne s’applique pas, car un formulaire de demande dûment rempli doit être présenté. 

La présentation de demandes en ligne ne s’applique pas, car AAC n’offre pas de services en ligne pour ce service pour le moment. 

La présentation de demandes en personne ne s’applique pas, car AAC n’offre pas de services en personne pour ce service.

La présentation de demandes par télécopieur ne s’applique pas, car AAC n’offre pas de services par télécopieur pour ce service.",https://www.canada.ca/en/agriculture-agri-food/news/2019/08/agririsk-initiatives-program-to-re-open-for-applications.html,https://www.canada.ca/fr/agriculture-agroalimentaire/nouvelles/2019/08/nouvelle-periode-dacceptation-des-demandes-au-titre-du-programme-des-initiatives-agri-risques.html,aafc-aac,Agriculture and Agri-Food Canada | Agriculture et Agroalimentaire Canada
2023-2024,138,AgriScience Program: Projects,Programme Agri-science - projets,Supports specific shorter-term research activities to help industry overcome challenges and address fiscal barriers experienced by small and emerging sectors. They also seek to mitigate high risk opportunities that have the potential to yield significant returns.,Soutient des activités de recherche spécifiques à court terme ayant pour but d'aider l'industrie à surmonter des défis et à résoudre les obstacles fiscaux rencontrés par les petits secteurs ainsi que les secteurs émergents. Les projets visent également à atténuer les opportunités comportant des risques élevés qui ont le potentiel de produire des rendements importants.,"GNC,RES",CLIENT,EXTERN,ECONOM,BWO02,'AgriScience','Agri-science',"EML,ONL,POST,TEL",N,,,N,N,N,N,N,Y,Y,,,2022-2023,2023-2024,NA,Y,49,NA,NA,NA,NA,0,33,NA,NA,33,"Phone application are blank because the submission of a completed application form is required. 

Online applications is not applicable because AAFC does not offer an online channel for this service at this time. 

Fax applications is blank because AAFC does not offer a fax channel for this service.

In-person applications is blank because AAFC does not offer an in-person channel for this service.","La présentation de demandes par téléphone ne s’applique pas, car un formulaire de demande dûment rempli doit être présenté. 

La présentation de demandes en ligne ne s’applique pas, car AAC n’offre pas de services en ligne pour ce service pour le moment. 

La présentation de demandes en personne ne s’applique pas, car AAC n’offre pas de services en personne pour ce service.

La présentation de demandes par télécopieur ne s’applique pas, car AAC n’offre pas de services par télécopieur pour ce service.",https://agriculture.canada.ca/en/agricultural-programs-and-services/agriscience-program-projects,https://agriculture.canada.ca/fr/programmes-services-agricoles/programme-agri-science-projets,aafc-aac,Agriculture and Agri-Food Canada | Agriculture et Agroalimentaire Canada
2023-2024,134,AgriStability,Agri-stabilité,Provides income support to producers who experience a large margin decline.,Offre un soutien du revenu aux producteurs qui subissent une baisse importante de leur marge.,"GNC,RES",CLIENT,EXTERN,ECONOM,BWP01,'AgriStability','Agri-stabilité',"ONL,POST,TEL",N,,,Y,Y,Y,Y,Y,Y,Y,,,2022-2023,2022-2023,Y,Y,3249,NA,NA,2554,NA,2020,0,NA,164,4738,"Phone application are blank because the submission of a completed application form is required. 

In-person applications is blank because AAFC does not offer an in-person channel for this service.

Fax applications is blank because AAFC does not offer a fax channel for this service.","La présentation de demandes par téléphone ne s’applique pas, car un formulaire de demande dûment rempli doit être présenté. 

La présentation de demandes en personne ne s’applique pas, car AAC n’offre pas de services en personne pour ce service.

La présentation de demandes par télécopieur ne s’applique pas, car AAC n’offre pas de services par télécopieur pour ce service.",https://agriculture.canada.ca/en/agricultural-programs-and-services/agristability,https://agriculture.canada.ca/fr/programmes-services-agricoles/agri-stabilite,aafc-aac,Agriculture and Agri-Food Canada | Agriculture et Agroalimentaire Canada
2023-2024,152,Canada Brand,Guichet unique pour l'accès aux marchés - Marque Canada,"Provides the Canadian food and agriculture industry with a competitive advantage, internationally and at home, through a set of tools to positively differentiate the sector.",Offre à l'industrie canadienne de l'alimentation et de l'agriculture un avantage concurrentiel au pays et à l'étranger grâce à différents outils permettant de différencier positivement le secteur.,RES,CLIENT,EXTERN,ECONOM,BWN01,'Trade and Market Expansion','Croissance du commerce et des marchés',"EML,ONL,POST,TEL",N,,,N,Y,Y,Y,Y,Y,Y,,,2020-2021,2021-2022,NA,N,0,NA,NA,163,NA,0,0,NA,NA,163,"Phone application are blank because the submission of a completed application form is required. 

Fax applications is blank because AAFC does not offer a fax channel for this service.

In-person applications is blank because AAFC does not offer an in-person channel for this service.","La présentation de demandes par téléphone ne s’applique pas, car un formulaire de demande dûment rempli doit être présenté. 

La présentation de demandes en personne ne s’applique pas, car AAC n’offre pas de services en personne pour ce service.

La présentation de demandes par télécopieur ne s’applique pas, car AAC n’offre pas de services par télécopieur pour ce service.",https://www.canada.ca/en/agriculture-agri-food/news/2023/02/government-of-canada-launches-canada-brand-refresh-for-agriculture-and-agri-food-products-in-international-markets.html,https://www.canada.ca/fr/agriculture-agroalimentaire/nouvelles/2023/02/le-gouvernement-du-canada-modernise-la-marque-canada-pour-les-produits-agricoles-et-agroalimentaires-sur-les-marches-internationaux.html,aafc-aac,Agriculture and Agri-Food Canada | Agriculture et Agroalimentaire Canada
2023-2024,148,Canada Pavilion Program,Programme du pavillon du Canada,"Provides support to enable Canada's presence at international food, fish and seafood shows.","Offre de l'aide pour faciliter la présence du Canada dans les salons internationaux axés sur les aliments, le poisson et les fruits de mer.",RES,CLIENT,EXTERN,ECONOM,BWN01,'Trade and Market Expansion','Croissance du commerce et des marchés',"EML,ONL",N,,,N,Y,N,Y,Y,Y,Y,,,2019-2020,2020-2021,NA,Y,0,NA,NA,131,NA,0,0,NA,NA,131,"Phone application are blank because the submission of a completed application form is required. 

Online applications is not applicable because AAFC does not offer an online channel for this service at this time. 

In-person applications is blank because AAFC does not offer an in-person channel for this service.","La présentation de demandes par téléphone ne s’applique pas, car un formulaire de demande dûment rempli doit être présenté. 

La présentation de demandes en ligne ne s’applique pas, car AAC n’offre pas de services en ligne pour ce service pour le moment. 

La présentation de demandes en personne ne s’applique pas, car AAC n’offre pas de services en personne pour ce service.",https://agriculture.canada.ca/en/international-trade/trade-show-service/canada-pavilion-program,https://agriculture.canada.ca/fr/commerce-international/service-lie-aux-salons-professionnels/programme-du-pavillon-du-canada,aafc-aac,Agriculture and Agri-Food Canada | Agriculture et Agroalimentaire Canada
2023-2024,146,Canadian Agricultural Strategic Priorities Program,Programme canadien des priorités stratégiques de l’agriculture,"Provides support to the agriculture, agri-food, and agri-based products sector to seize opportunities, respond to new and/or emerging issues, and pathfind and/or pilot solutions to new and ongoing issues to adapt and remain competitive.","Aide le secteur de l'agriculture, de l'agroalimentaire et des produits agroindustriels à saisir les débouchés, à réagir aux enjeux nouveaux et émergents et à trouver et à tester des solutions aux problèmes nouveaux et courants afin de s'adapter et de demeurer concurrentiel.","GNC,RES",CLIENT,EXTERN,NGO,BWO05,'Canadian Agricultural Strategic Priorities Program',"""Programme canadien des priorités stratégiques de l'agriculture""","EML,ONL",N,,,N,Y,Y,Y,Y,Y,Y,,,2022-2023,2023-2024,NA,Y,16,NA,NA,4,NA,0,0,NA,NA,4,"Phone application are blank because the submission of a completed application form is required. 

Fax applications is blank because AAFC does not offer a fax channel for this service.

In-person applications is blank because AAFC does not offer an in-person channel for this service.","La présentation de demandes par téléphone ne s’applique pas, car un formulaire de demande dûment rempli doit être présenté. 

La présentation de demandes en personne ne s’applique pas, car AAC n’offre pas de services en personne pour ce service.

La présentation de demandes par télécopieur ne s’applique pas, car AAC n’offre pas de services par télécopieur pour ce service.",https://agriculture.canada.ca/en/agricultural-programs-and-services/canadian-agricultural-strategic-priorities-program,https://agriculture.canada.ca/fr/programmes-services-agricoles/programme-canadien-priorites-strategiques-lagriculture,aafc-aac,Agriculture and Agri-Food Canada | Agriculture et Agroalimentaire Canada
2023-2024,127,Canadian Soil Information Services (CanSIS),Système d’information sur les sols du Canada (SISCan),"CanSIS works in partnership with the provincial soil mapping groups to maintain and provide access to Canada’s detailed and high level soils data, and other related information.",SISCan collabore avec des groupes provinciaux de cartographie du sol pour maintenir et offrir l'accès aux données détaillées de haut niveau sur les sols du Canada et d'autres renseignements connexes.,INFO,CLIENT,EXTERN,ECONOM,BWO01,'Foundational Science and Research','Science et recherche fondamentales',"EML,ONL,POST,TEL",N,,,N,NA,NA,NA,NA,Y,Y,"The online services, Account Registration/Enrollment and Authentication/Online Application/Online Decision, are not applicable as this is an information service and clients are not required to identify themselves.","Les services en ligne, l’enregistrement/inscription du compte, l’authentification, le demande et décision, ne s’appliquent pas parce qu’il s’agit d’un service d’information et que les clients n’ont pas à s’identifier.",2020-2021,2020-2021,NA,NA,0,NA,171083,NA,NA,NA,55,NA,NA,55,The columns for number of applications were left blank because this is an online information service.,Les colonnes du nombre de demandes ont été laissées en blanc parce qu’il s’agit d’un service d’information en ligne.,https://sis.agr.gc.ca/cansis,https://sis.agr.gc.ca/siscan/,aafc-aac,Agriculture and Agri-Food Canada | Agriculture et Agroalimentaire Canada
2023-2024,125,Domestic Statistics and Market Information Web,Statistiques canadiennes et site Web d'information sur les marchés,"Provides information on market structure and performance, forecasts, market reports, policy backgrounders, and analysis of various agriculture products","Offre des renseignements sur la structure et le rendement du marché, des prévisions, des rapports sur les marchés, des documents d'information sur les politiques et des analyses de différents produits agricoles",INFO,CLIENT,EXTERN,ECONOM,BWN02,'Sector Engagement and Development','Mobilisation et développement du secteur',"EML,ONL",N,,,N,NA,NA,NA,NA,Y,Y,"The online services, Account Registration/Enrollment and Authentication/Online Application/Online Decision, are not applicable as this is an information service and clients are not required to identify themselves.","Les services en ligne, l’enregistrement/inscription du compte, l’authentification, le demande et décision, ne s’appliquent pas parce qu’il s’agit d’un service d’information et que les clients n’ont pas à s’identifier.",2020-2021,2023-2024,NA,NA,NA,NA,313971,NA,NA,NA,1005,NA,NA,1005,The columns for number of applications were left blank because this is an online information service.,Les colonnes du nombre de demandes ont été laissées en blanc parce qu’il s’agit d’un service d’information en ligne.,,,aafc-aac,Agriculture and Agri-Food Canada | Agriculture et Agroalimentaire Canada
2023-2024,130,Drought Watch,Guetter la sécheresse,"Provides users with current and historic weather and agroclimate conditions, to see how current conditions differ from normal, to see where and how weather and climate conditions and events are impacting the sector, and to learn about ways to mitigate and adapt to the impacts of weather and climate on agricultural operations.","Fournit aux utilisateurs les conditions météorologiques et climatiques courantes et historiques pour voir comment les conditions actuelles diffèrent de la normale, pour comprendre où et comment les conditions et les phénomènes météorologiques et climatiques influent sur le secteur, pour voir les produits de prévisions à court terme et pour se renseigner sur les façons d'atténuer les effets des conditions météorologiques et du climat sur les activités agricoles et s'y adapter.",INFO,CLIENT,EXTERN,ECONOM,BWO01,'Foundational Science and Research','Science et recherche fondamentales',"EML,ONL",N,,,N,NA,NA,NA,NA,Y,Y,"The online services, Account Registration/Enrollment and Authentication/Online Application/Online Decision, are not applicable as this is an information service and clients are not required to identify themselves.","Les services en ligne, l’enregistrement/inscription du compte, l’authentification, le demande et décision, ne s’appliquent pas parce qu’il s’agit d’un service d’information et que les clients n’ont pas à s’identifier.",2020-2021,2020-2021,NA,NA,520,NA,117382,NA,NA,NA,226,NA,NA,226,The columns for number of applications were left blank because this is an online information service.,Les colonnes du nombre de demandes ont été laissées en blanc parce qu’il s’agit d’un service d’information en ligne.,https://agriculture.canada.ca/en/agriculture-and-environment/drought-watch-and-agroclimate,https://agriculture.canada.ca/fr/agriculture-environnement/agroclimat-guetter-secheresse,aafc-aac,Agriculture and Agri-Food Canada | Agriculture et Agroalimentaire Canada
2023-2024,135,Farm Debt Mediation Service,Service de médiation en matière d'endettement agricole,Provides financial counselling and mediation services to farmers in financial difficulty.,Offre des services de consultation financière et de médiation aux agriculteurs qui éprouvent des difficultés financières,LRP,CLIENT,EXTERN,ECONOM,BWP07,'Farm Debt Mediation Service',"""Service de médiation en matière d'endettement agricole""","ONL,PERSON,POST,TEL",N,,,N,N,N,N,N,N,Y,,,2021-2022,2022-2023,N,N,643,0,NA,NA,0,16,203,27,0,246,Online applications is not applicable because AAFC does not offer an online channel for this service at this time.,"La présentation de demandes en ligne ne s’applique pas, car AAC n’offre pas de services en ligne pour ce service pour le moment.",https://agriculture.canada.ca/en/agricultural-programs-and-services/farm-debt-mediation-service,https://agriculture.canada.ca/fr/programmes-services-agricoles/service-mediation-matiere-dendettement-agricole,aafc-aac,Agriculture and Agri-Food Canada | Agriculture et Agroalimentaire Canada
2023-2024,2223,Food Waste Reduction Challenge,Défi de réduction du gaspillage alimentaire,"The Challenge is a $20 million investment to support new innovations and solutions which can help address the problem of food waste and loss across the supply chain, thereby reducing the associated economic, environmental, and social costs of food waste. Collectively, these solutions will help increase food availability, save consumers and businesses money, reduce GHG emissions and improve the efficiency of the food sector.","Défi de réduction du gaspillage alimentaire
Le Défi est un investissement de 20 millions de dollars visant à soutenir les innovations et les solutions nouvelles pouvant contribuer à combattre le problème de gaspillage et de pertes alimentaires tout au long de la chaîne d’approvisionnement et ainsi, à réduire les coûts économiques, environnementaux et sociaux liés au gaspillage alimentaire. Collectivement, ces solutions aideront à accroître la disponibilité des aliments, à faire économiser de l’argent aux consommateurs et aux entreprises, à réduire les émissions de gaz à effet de serre et à améliorer l’efficacité du secteur alimentaire.","GNC,RES",CLIENT,EXTERN,ECONOM,BWN09,'Food Policy Initiatives','Initiatives relatives à la politique alimentaire',"EML,OTH,TEL",N,,,N,N,N,Y,N,N,N,Explanation for 'other' for client feedback by channel: social media is also used.,"Explication de l'expression ""autres"" par les réactions des clients par réseaux : les médias sociaux sont également utilisés.",2020-2021,2022-2023,NA,N,0,NA,NA,12,NA,NA,NA,NA,NA,12,Applicants are required to complete an application and submit it online as online is the only channel offered for the program.,Les demandeurs doivent remplir une demande et la présenter en ligne : les services en ligne sont les seuls services offerts dans le cadre du programme.,https://impact.canada.ca/en/challenges/food-waste-reduction-challenge,https://impact.canada.ca/fr/defis/defi-reduction-du-gaspillage-alimentaire,aafc-aac,Agriculture and Agri-Food Canada | Agriculture et Agroalimentaire Canada
2023-2024,129,Geospatial,Produits géospatiaux,"Provides online access to agriculture-related maps, geospatial data and tools to help clients understand the geography of agriculture and make better decisions for environmentally responsible yet competitive agriculture",Offre un accès en ligne aux cartes données géospatiales et outils liés à l'agriculture pour aider les clients à comprendre la géographie de l'agriculture et à prendre de meilleures décisions pour une agriculture respectueuse de l'environnement tout en étant compétitives.,INFO,CLIENT,EXTERN,ECONOM,BWO01,'Foundational Science and Research','Science et recherche fondamentales',"EML,ONL",N,,,N,NA,NA,NA,NA,Y,Y,"The online services, Account Registration/Enrollment and Authentication/Online Application/Online Decision, are not applicable as this is an information service and clients are not required to identify themselves.","Les services en ligne, l’enregistrement/inscription du compte, l’authentification, le demande et décision, ne s’appliquent pas parce qu’il s’agit d’un service d’information et que les clients n’ont pas à s’identifier.",2020-2021,2020-2021,NA,NA,NA,NA,2831,NA,NA,NA,120,NA,NA,120,The columns for number of applications were left blank because this is an online information service.,Les colonnes du nombre de demandes ont été laissées en blanc parce qu’il s’agit d’un service d’information en ligne.,https://agriculture.canada.ca/en/agricultural-programs-and-services/geospatial-products,https://agriculture.canada.ca/fr/programmes-services-agricoles/produits-geospatiaux,aafc-aac,Agriculture and Agri-Food Canada | Agriculture et Agroalimentaire Canada
2023-2024,1985,Local Food Infrastructure Fund,Fonds des infrastructures alimentaires locales,The program aims to strengthen food systems and to facilitate access to safe and nutritious food for at-risk populations.,Le programme vise à renforcer les systèmes alimentaires et à faciliter l’accès à des aliments sains et nutritifs pour les populations à risqué.,"GNC,RES",CLIENT,EXTERN,NGO,BWN02,'Sector Engagement and Development','Mobilisation et développement du secteur',"EML,ONL,POST,TEL",N,,,N,N,N,N,N,Y,Y,,,2022-2023,2023-2024,NA,Y,408,NA,NA,NA,NA,0,969,NA,NA,969,"Phone application are blank because the submission of a completed application form is required. 

Online applications is not applicable because AAFC does not offer an online channel for this service at this time. 

In-person applications is blank because AAFC does not offer an in-person channel for this service.

Fax applications is blank because AAFC does not offer a fax channel for this service.","La présentation de demandes par téléphone ne s’applique pas, car un formulaire de demande dûment rempli doit être présenté. 

La présentation de demandes en ligne ne s’applique pas, car AAC n’offre pas de services en ligne pour ce service pour le moment. 

La présentation de demandes en personne ne s’applique pas, car AAC n’offre pas de services en personne pour ce service.

La présentation de demandes par télécopieur ne s’applique pas, car AAC n’offre pas de services par télécopieur pour ce service.",https://agriculture.canada.ca/en/agricultural-programs-and-services/local-food-infrastructure-fund,https://agriculture.canada.ca/fr/programmes-services-agricoles/fonds-infrastructures-alimentaires-locales,aafc-aac,Agriculture and Agri-Food Canada | Agriculture et Agroalimentaire Canada
2023-2024,150,Market Access Single Window,Guichet unique pour l'accès aux marchés,"Provides a single window email account that allows for 2-way communication with external stakeholders (industry, provinces, territories) on market access through three functions: 
-Incoming requests for information from outside stakeholders;
 - Mechanism to broadcast messages of wide interest to stakeholders;
 - Mechanism to solicit information or feedback from outside stakeholders","Offre un compte courriel à guichet unique qui permet une communication bilatérale avec des intervenants externes (industrie, provinces, territoires) sur l'accès aux marchés grâce à trois fonctions : il répond aux demandes d’information des intervenants externes; il diffuse des messages d’intérêt général aux intervenants; il sollicite de l’information ou des commentaires auprès des intervenants externes",INFO,CLIENT,EXTERN,ECONOM,BWN01,'Trade and Market Expansion','Croissance du commerce et des marchés',"EML,ONL",N,,,N,NA,NA,NA,NA,NA,Y,"The online services, Account Registration/Enrollment and Authentication/Online Application/Online Decision, are not applicable as this is an information service and clients are not required to identify themselves.","Les services en ligne, l’enregistrement/inscription du compte, l’authentification, le demande et décision, ne s’appliquent pas parce qu’il s’agit d’un service d’information et que les clients n’ont pas à s’identifier.",2021-2022,2021-2022,NA,NA,NA,NA,2015,NA,NA,NA,598,NA,NA,598,The columns for number of applications were left blank because this is an online information service.,Les colonnes du nombre de demandes ont été laissées en blanc parce qu’il s’agit d’un service d’information en ligne.,https://agriculture.canada.ca/en/international-trade/single-window-contact-agri-food-trade-services,https://agriculture.canada.ca/fr/commerce-international/guichet-unique-communiquer-service-dexportation-agroalimentaire,aafc-aac,Agriculture and Agri-Food Canada | Agriculture et Agroalimentaire Canada
2023-2024,SRV02746,Market Development Program for Turkey and Chicken,Programme de développement des marchés du dindon et du poulet,"The program will help increase domestic demand and consumption of Canadian turkey and chicken products through industry-led promotional activities that differentiate Canadian products and producers, and leverage Canada’s reputation for high quality and safe food.",Le programme aidera à accroître la demande et la consommation de produits canadiens du dindon et du poulet au pays grâce à des activités promotionnelles menées par l’industrie afin de mettre de l’avant les produits et les producteurs canadiens et de miser sur la réputation du Canada comme producteur d’aliments salubres et de grande qualité.,"GNC,RES",CLIENT,EXTERN,NGO,BWN04,'Supply Management Initiatives',"""Initiatives de gestion de l'offre""","EML,ONL,POST,TEL",N,,,N,N,N,N,N,Y,Y,,,2021-2022,2022-2023,NA,Y,1,NA,NA,NA,NA,0,2,NA,NA,2,"Phone application are blank because the submission of a completed application form is required. 

Online applications is not applicable because AAFC does not offer an online channel for this service at this time. 

In-person applications is blank because AAFC does not offer an in-person channel for this service.

Fax applications is blank because AAFC does not offer a fax channel for this service.","La présentation de demandes par téléphone ne s’applique pas, car un formulaire de demande dûment rempli doit être présenté. 

La présentation de demandes en ligne ne s’applique pas, car AAC n’offre pas de services en ligne pour ce service pour le moment. 

La présentation de demandes en personne ne s’applique pas, car AAC n’offre pas de services en personne pour ce service.

La présentation de demandes par télécopieur ne s’applique pas, car AAC n’offre pas de services par télécopieur pour ce service.",https://agriculture.canada.ca/en/agricultural-programs-and-services/market-development-program-turkey-and-chicken,https://agriculture.canada.ca/fr/programmes-services-agricoles/programme-developpement-marches-du-dindon-du-poulet,aafc-aac,Agriculture and Agri-Food Canada | Agriculture et Agroalimentaire Canada
2023-2024,149,Market Intelligence and Information Service,Services de renseignements sur les marchés,"Provides market intelligence reports and trade data to the agriculture, agri-food and seafood industries to increase the Canadian sector's competitiveness in global markets and provides coordinated direct market research reports through provinces to industry to help increase their international business knowledge in order to make more informed business decisions.","Offre des rapports sur les marchés et des données commerciales aux industries agricoles, agroalimentaires et des produits de la mer afin d'accroître la compétitivité du secteur canadien sur les marchés mondiaux, et fournit à l'industrie des rapports coordonnés sur les études de marché par l'entremise des provinces  afin d'améliorer ses connaissances sur le commerce international et de lui permettre de prendre de meilleures décisions d'affaires.",INFO,CLIENT,EXTERN,ECONOM,BWN01,'Trade and Market Expansion','Croissance du commerce et des marchés',EML,N,,,N,NA,NA,NA,NA,Y,Y,"The online services, Account Registration/Enrollment and Authentication/Online Application/Online Decision, are not applicable as this is an information service and clients are not required to identify themselves.","Les services en ligne, l’enregistrement/inscription du compte, l’authentification, le demande et décision, ne s’appliquent pas parce qu’il s’agit d’un service d’information et que les clients n’ont pas à s’identifier.",2019-2020,2021-2022,NA,NA,14,NA,129897,NA,NA,NA,135,NA,NA,135,The columns for number of applications were left blank because this is an online information service.,Les colonnes du nombre de demandes ont été laissées en blanc parce qu’il s’agit d’un service d’information en ligne.,https://agriculture.canada.ca/en/international-trade/market-intelligence/agri-food-market-intelligence-service,https://agriculture.canada.ca/fr/commerce-international/renseignements-marches/service-dinformation-marches-agroalimentaires,aafc-aac,Agriculture and Agri-Food Canada | Agriculture et Agroalimentaire Canada
2023-2024,131,Office of Intellectual Property and Commercialization,Bureau de la propriété intellectuelle et de la commercialisation (BPIC),Supports the development and transfer of the results of research efforts by the Science and Technology Branch (STB) of Agriculture and Agri-Food Canada (AAFC).,Appuie le développement et le transfert des résultats des activités de recherche par la Direction générale des sciences et de la technologie (DGST) d'Agriculture et Agroalimentaire Canada (AAC).,RES,CLIENT,EXTERN,ECONOM,BWO01,'Foundational Science and Research','Science et recherche fondamentales',"EML,ONL",N,,,N,N,N,N,N,N,Y,,,2022-2023,2020-2021,N,N,0,NA,NA,NA,0,0,64,NA,NA,64,"Phone application are blank because the submission of a completed application form is required. 

Online applications is not applicable because AAFC does not offer an online channel for this service at this time. 

Fax applications is blank because AAFC does not offer a fax channel for this service.","La présentation de demandes par téléphone ne s’applique pas, car un formulaire de demande dûment rempli doit être présenté. 

La présentation de demandes en ligne ne s’applique pas, car AAC n’offre pas de services en ligne pour ce service pour le moment. 

La présentation de demandes par télécopieur ne s’applique pas, car AAC n’offre pas de services par télécopieur pour ce service.",https://agriculture.canada.ca/en/science/technology-transfer-and-licensing-agriculture/office-intellectual-property-and-commercialization,https://agriculture.canada.ca/fr/science/transfert-licences-technologie-agriculture/bureau-propriete-intellectuelle-commercialisation,aafc-aac,Agriculture and Agri-Food Canada | Agriculture et Agroalimentaire Canada
2023-2024,132,Saint-Hyacinthe Research and Development Centre's Industrial Program,Programme industriel du Centre de recherche et de développement de Saint-Hyacinthe,Provides clients with direct access to sophisticated equipment and a versatile R&D environment to support agri-food companies with small-scale food processing and testing needs and fosters innovation in the area of food research.,Donne aux clients un accès direct à l'équipement de pointe et à un environnement de R-D polyvalent pour aider les entreprises agroalimentaires à répondre à leurs besoins de transformation d'aliments et d'évaluation à petite échelle et pour favoriser l'innovation dans le domaine de la recherche sur les aliments.,RES,CLIENT,EXTERN,ECONOM,BWO01,'Foundational Science and Research','Science et recherche fondamentales',"EML,ONL,PERSON,POST,TEL",N,,,Y,N,N,Y,N,N,Y,,,2019-2020,2020-2021,NA,Y,19,NA,NA,35,0,0,0,NA,NA,35,"Phone application are blank because the submission of a completed application form is required. 

Fax applications is blank because AAFC does not offer a fax channel for this service.","La présentation de demandes par téléphone ne s’applique pas, car un formulaire de demande dûment rempli doit être présenté. 

La présentation de demandes par télécopieur ne s’applique pas, car AAC n’offre pas de services par télécopieur pour ce service.",https://agriculture.canada.ca/en/agricultural-programs-and-services/agriculture-and-agri-food-canada-saint-hyacinthe-research-and-development-centres-industrial-program,https://agriculture.canada.ca/fr/programmes-services-agricoles/programme-industriel-du-centre-recherche-developpement-dagriculture-agroalimentaire-canada-saint,aafc-aac,Agriculture and Agri-Food Canada | Agriculture et Agroalimentaire Canada
2023-2024,SRV02748,Supply Management Processing Investment Fund,Le Fonds d'investissement pour la transformation des produits sous la gestion de l'offre,"The program provides non-repayable contributions to support investments in dairy, poultry, and egg processing facilities that improve productivity and/or efficiency through the purchase of new automated equipment and technology.","Le programme fournit une contribution non remboursable pour soutenir les investissements dans les installations de transformation de produits laitiers, de la volaille et des œufs qui amélioreront la productivité et/ou l'efficacité grâce à l'acquisition de nouveaux équipements et technologies automatisés.","GNC,RES",CLIENT,EXTERN,ECONOM,BWN04,'Supply Management Initiatives',"""Initiatives de gestion de l'offre""","EML,ONL,POST,TEL",N,,,N,N,N,Y,Y,Y,Y,,,2022-2023,2022-2023,NA,Y,27,NA,NA,NA,NA,0,36,NA,NA,36,"Phone application are blank because the submission of a completed application form is required. 

Online applications is not applicable because AAFC does not offer an online channel for this service at this time. 

In-person applications is blank because AAFC does not offer an in-person channel for this service.

Fax applications is blank because AAFC does not offer a fax channel for this service.","La présentation de demandes par téléphone ne s’applique pas, car un formulaire de demande dûment rempli doit être présenté. 

La présentation de demandes en ligne ne s’applique pas, car AAC n’offre pas de services en ligne pour ce service pour le moment. 

La présentation de demandes en personne ne s’applique pas, car AAC n’offre pas de services en personne pour ce service.

La présentation de demandes par télécopieur ne s’applique pas, car AAC n’offre pas de services par télécopieur pour ce service.",Supply Management Processing Investment Fund - Step 1. What this program offers - agriculture.canada.ca,https://agriculture.canada.ca/fr/programmes-services-agricoles/fonds-dinvestissement-transformation-produits-gestion-loffre,aafc-aac,Agriculture and Agri-Food Canada | Agriculture et Agroalimentaire Canada
2023-2024,SRV02747,The Poultry and Egg-On Farm Investment Program,Le Programme d'investissement à la ferme pour la volaille et les œufs,The program aims to help supply-managed poultry and egg producers adapt to market changes resulting from the implementation of the Comprehensive and Progressive Agreement for Trans-Pacific Partnership (CPTPP),Le programme vise à aider les producteurs de volaille et d'œufs soumis à la gestion de l'offre à s'adapter aux changements du marché résultant de la mise en œuvre de l'Accord de partenariat transpacifique global et progressiste (PTPGP).,"GNC,RES",CLIENT,EXTERN,ECONOM,BWN04,'Supply Management Initiatives',"""Initiatives de gestion de l'offre""","EML,FAX,ONL,POST,TEL",N,,,N,Y,Y,Y,Y,Y,Y,,,2022-2023,2022-2023,Y,Y,582,NA,NA,906,NA,1,3,0,NA,910,"Phone application are blank because the submission of a completed application form is required. 

In-person applications is blank because AAFC does not offer an in-person channel for this service.","La présentation de demandes par téléphone ne s’applique pas, car un formulaire de demande dûment rempli doit être présenté. 

La présentation de demandes en personne ne s’applique pas, car AAC n’offre pas de services en personne pour ce service.",https://agriculture.canada.ca/en/agricultural-programs-and-services/poultry-and-egg-farm-investment-program,https://agriculture.canada.ca/fr/programmes-services-agricoles/programme-dinvestissement-ferme-volaille-oeufs,aafc-aac,Agriculture and Agri-Food Canada | Agriculture et Agroalimentaire Canada
2023-2024,SRV03058,Wine Sector Support Program,Programme d'aide au secteur du vin,The program aims to provide short-term financial support to licensed Canadian wineries as they transition and adapt to ongoing and emerging challenges impacting the financial resilience and competitiveness of the wine industry.,L'objectif du programme est d'apporter une aide financière à court terme aux établissements vinicoles canadiens autorisés afin de les aider à faire la transition et à s'adapter aux défis actuels et émergents qui menacent la résilience financière et la capacité concurrentielle de l'industrie vinicole.,"GNC,RES",CLIENT,EXTERN,NGO,BWN02,'Sector Engagement and Development','Mobilisation et développement du secteur',"EML,FAX,ONL,TEL",N,,,N,N,N,N,N,Y,Y,,,2022-2023,2022-2023,NA,Y,108,NA,NA,0,NA,0,457,NA,NA,457,"Phone application are blank because the submission of a completed application form is required. 

Online applications is not applicable because AAFC does not offer an online channel for this service at this time. 

In-person applications is blank because AAFC does not offer an in-person channel for this service.

Fax applications is blank because AAFC does not offer a fax channel for this service.","La présentation de demandes par téléphone ne s’applique pas, car un formulaire de demande dûment rempli doit être présenté. 

La présentation de demandes en ligne ne s’applique pas, car AAC n’offre pas de services en ligne pour ce service pour le moment. 

La présentation de demandes en personne ne s’applique pas, car AAC n’offre pas de services en personne pour ce service.

La présentation de demandes par télécopieur ne s’applique pas, car AAC n’offre pas de services par télécopieur pour ce service.",https://agriculture.canada.ca/en/programs/wine-sector-support,https://agriculture.canada.ca/en/programs/wine-sector-support/step-4-how-apply,aafc-aac,Agriculture and Agri-Food Canada | Agriculture et Agroalimentaire Canada
2023-2024,145,Youth Employment and Skills Program,Programme d’emploi et de compétences des jeunes,Provides funding to organizations for the creation of agricultural internships that provide young Canadians with meaningful career-related work experiences.,Offre du financement aux organisations pour la création de stages en agriculture qui permettent aux jeunes Canadiens d'acquérir des expériences professionnelles utiles.,"GNC,RES",CLIENT,EXTERN,ECONOM,BWN02,'Sector Engagement and Development','Mobilisation et développement du secteur',"EML,ONL,POST,TEL",N,,,N,N,N,N,N,Y,Y,,,,2023-2024,NA,Y,214,NA,NA,1601,NA,0,290,0,NA,1891,"Phone application are blank because the submission of a completed application form is required. 

Online applications is not applicable because AAFC does not offer an online channel for this service at this time. 

Fax applications is blank because AAFC does not offer a fax channel for this service.

In-person applications is blank because AAFC does not offer an in-person channel for this service.","La présentation de demandes par téléphone ne s’applique pas, car un formulaire de demande dûment rempli doit être présenté. 

La présentation de demandes en ligne ne s’applique pas, car AAC n’offre pas de services en ligne pour ce service pour le moment. 

La présentation de demandes en personne ne s’applique pas, car AAC n’offre pas de services en personne pour ce service.

La présentation de demandes par télécopieur ne s’applique pas, car AAC n’offre pas de services par télécopieur pour ce service.",https://agriculture.canada.ca/en/agricultural-programs-and-services/youth-employment-and-skills-program,https://agriculture.canada.ca/fr/programmes-services-agricoles/programme-demploi-competences-jeunes,aafc-aac,Agriculture and Agri-Food Canada | Agriculture et Agroalimentaire Canada
2023-2024,1910,Celebration and Commemoration - Celebrate Canada,Célébrations et commémorations - Le Canada en fête,"Celebrate Canada supports community-based activities celebrating and promoting National Indigenous Peoples Day, Saint-Jean-Baptiste Day, Canadian Multiculturalism Day, and
Canada Day.","Le Canada en fête soutient des activités communautaires pour célébrer et promouvoir la Journée nationale des peuples autochtones, la Saint-Jean-Baptiste, la Journée canadienne du multiculturalisme, et la fête du Canada",GNC,CLIENT,EXTERN,NGO,BSE01,"'National Celebrations, Commemorations and Symbols'","'Célébrations, commémorations, symboles nationaux'",EML,N,,,N,Y,Y,Y,N,Y,N,,,,,N,Y,811,0,19532,1487,0,0,284,0,0,1771,,,https://www.canada.ca/en/canadian-heritage/services/funding/celebrate-canada.html,https://www.canada.ca/fr/patrimoine-canadien/services/financement/canada-fete.html,pch,Canadian Heritage | Patrimoine canadien
2023-2024,SRV03209,Celebration and Commemoration - Commemorate Canada,Célébrations et commémorations - Commémoration Canada,"Commemorate Canada supports initiatives that commemorate and celebrate historical figures, places, events and accomplishments of national significance, as well as activities marking the National Day for Truth and Reconciliation / Orange Shirt Day.","Commémoration Canada soutient des initiatives qui commémorent ou célèbrent des personnes, des lieux, des réalisations et des événements marquants à l’échelle nationale, ainsi que des activités soulignant la Journée nationale de la vérité et de la réconciliation / Journée du chandail orange.",GNC,CLIENT,EXTERN,NGO,BSE01,"'National Celebrations, Commemorations and Symbols'","'Célébrations, commémorations, symboles nationaux'","EML,TEL",N,,,N,N,N,N,N,N,N,,,,2023-2024,NA,Y,189,0,7496,0,0,0,393,0,0,393,,,https://www.canada.ca/en/canadian-heritage/services/funding/commemorate-canada.html,https://www.canada.ca/fr/patrimoine-canadien/services/financement/commemoration-canada.html,pch,Canadian Heritage | Patrimoine canadien
2023-2024,1920,Support for Hosting - Canada Games,Soutien pour l'acceuil - Jeux du Canada,The Canada Games provides funding to organizations that are duly incorporated for the staging of the Games (known as Host Societies or Organizing Committees).,Les Jeux du Canada apporte un soutien financier aux organismes dûment constitués pour l’organisation des Jeux (connus sous le nom de sociétés hôtes ou comités organisateurs).,GNC,CLIENT,EXTERN,NGO,BSF01,'Sport Development and High Performance','Développement du sport et performance de haut niveau',"EML,POST,TEL",N,,,N,N,N,N,N,N,N,,,,2020-2021,NA,NA,10,0,507,0,0,0,1,0,0,1,,,https://www.canada.ca/en/canadian-heritage/services/funding/hosting-program/canada-games.html,https://www.canada.ca/fr/patrimoine-canadien/services/financement/programme-accueil/jeux-canada.html,pch,Canadian Heritage | Patrimoine canadien
2023-2024,SRV03212,Support for Hosting - International Multisport Games for Aboriginal Peoples and Persons with a Disability,Soutien pour l'acceuil - Jeux internationaux multisports pour les Autochtones et les personnes ayant un handicap,"The International Multisport Games for Aboriginal Peoples and Persons with a Disability provides competitive opportunities for designated, under-represented groups in Canada that face systemic barriers to sport participation.",Les Jeux internationaux multisports pour les Autochtones et les personnes ayant un handicap offre des occasions de compétitions aux groupes sous-représentés désignés au Canada qui ont de la difficulté à faire du sport en raison d'obstacles systématiques.,GNC,CLIENT,EXTERN,NGO,BSF01,'Sport Development and High Performance','Développement du sport et performance de haut niveau',"EML,POST,TEL",N,,,N,N,N,N,N,N,N,,,,2020-2021,NA,NA,0,0,250,0,0,0,0,0,0,0,,,https://www.canada.ca/en/canadian-heritage/services/funding/hosting-program/international-multisport-games-aboriginal-disability.html,https://www.canada.ca/fr/patrimoine-canadien/services/financement/programme-accueil/jeux-internationaux-multisports-autochtones-handicap.html,pch,Canadian Heritage | Patrimoine canadien
2023-2024,SRV03214,Support for Hosting - International Single Sport Events,Soutien pour l'acceuil - Manifestations internationales unisport,"The International Single Sport Events assists national sport organizations in hosting international single sport events in Canada, such as World Championships, Olympic or Paralympic qualification events and World Cups.","Le volet Manifestations internationales unisport aide les organismes nationaux de sport à tenir des manifestations internationales unisport au Canada, comme des championnats du monde, des épreuves de qualification pour les Jeux olympiques ou paralympiques et des coupes du monde.",GNC,CLIENT,EXTERN,NGO,BSF01,'Sport Development and High Performance','Développement du sport et performance de haut niveau',"EML,POST,TEL",N,,,N,N,N,N,N,N,N,,,,2020-2021,NA,NA,32,0,996,0,0,0,92,0,0,92,,,https://www.canada.ca/en/canadian-heritage/services/funding/hosting-program/international-single-sport-events.html,https://www.canada.ca/fr/patrimoine-canadien/services/financement/programme-accueil/manifestations-internationales-unisport.html,pch,Canadian Heritage | Patrimoine canadien
2023-2024,SRV03216,International Major Multisport Games,Grands Jeux internationaux multisports,"The International Major Multisport Games component supports large, multisport games that are governed by an international sport franchise holder with links to international sport federations.",Le volet Grands Jeux internationaux multisports soutient les grands Jeux multisports régis par un organisme international de sport détenteur des droits des Jeux en lien avec les fédérations internationales de sport.,GNC,CLIENT,EXTERN,NGO,BSF01,'Sport Development and High Performance','Développement du sport et performance de haut niveau',"EML,POST,TEL",N,,,N,N,N,N,N,N,N,,,,2020-2021,NA,NA,0,0,316,0,0,0,2,0,0,2,,,https://www.canada.ca/en/canadian-heritage/services/funding/hosting-program/international-major-multisport-games.html,https://www.canada.ca/fr/patrimoine-canadien/services/financement/programme-accueil/grands-jeux-internationaux-multisports.html,pch,Canadian Heritage | Patrimoine canadien
2023-2024,2032,Athlete Assistance,Aide aux athlètes,Athlete Assistance seeks to relieve some of the financial pressures associated with preparing for and participating in international sport and assists high-performance Canadian athletes to combine their sport and academic or working careers while training intensively in pursuit of world-class performances.,L’aide aux athlètes vise à réduire le fardeau financier lié à la préparation et à la participation à des compétitions de niveau international et permet aux athlètes de haut niveau de poursuivre leurs études ou leur carrière professionnelle tout en s’entraînant avec intensité dans le but de réaliser des performances de premier ordre.,GNC,CLIENT,EXTERN,PERSON,BSF01,'Sport Development and High Performance','Développement du sport et performance de haut niveau',EML,N,,,N,N,N,N,N,N,N,,,,2022-2023,NA,NA,13,0,15135,0,0,0,1918,0,0,1918,,,https://www.canada.ca/en/canadian-heritage/services/funding/athlete-assistance.html,https://www.canada.ca/fr/patrimoine-canadien/services/financement/aide-aux-athletes.html,pch,Canadian Heritage | Patrimoine canadien
2023-2024,1921,Sport Support - National Sport Organization,Soutien au sport - Organismes nationaux de sport,The National Sport Organization funds eligible organizations for programming that supports the development of the Canadian sport system.,Le volet Organismes nationaux de sport fournit du financement aux organismes admissibles pour des activités qui appuient le développement du système sportif canadien.,GNC,CLIENT,EXTERN,NGO,BSF01,'Sport Development and High Performance','Développement du sport et performance de haut niveau',"EML,PERSON,POST,TEL",N,,,N,Y,Y,N,N,Y,N,,,,2020-2021,NA,NA,183,0,3789,0,0,0,231,0,0,231,,,https://www.canada.ca/en/canadian-heritage/services/funding/sport-support/national-organization.html,https://www.canada.ca/fr/patrimoine-canadien/services/financement/soutien-sport/organismes-nationaux.html,pch,Canadian Heritage | Patrimoine canadien
2023-2024,SRV03239,Sport Support - National Multisport Services Organization,Soutien au sport - Organismes nationaux de services multisports,The National Multisport Services Organization funds eligible National Multisport Services Organizations for programs and/or services to the national sport community to advance sport development in Canada.,Le volet des organismes nationaux de services multisports fournit du financement aux organismes nationaux de services multisports admissibles pour des programmes et/ou des services offerts à la communauté sportive nationale afin de promouvoir le développement du Sport au Canada.,GNC,CLIENT,EXTERN,NGO,BSF01,'Sport Development and High Performance','Développement du sport et performance de haut niveau',"EML,PERSON,POST,TEL",N,,,N,Y,Y,Y,N,Y,N,,,,2020-2021,NA,NA,0,0,1184,0,0,0,58,0,0,58,,,https://www.canada.ca/en/canadian-heritage/services/funding/sport-support/multisport.html,https://www.canada.ca/fr/patrimoine-canadien/services/financement/soutien-sport/multisports.html,pch,Canadian Heritage | Patrimoine canadien
2023-2024,SRV03244,Sport Support - Canadian Sport Centre,Soutien au sport - Centre canadien multisport,The Canadian Sport Centre funds eligible organizations for programming that supports the development of Canadian athletes and coaches.,Le volet Centre canadien multisport fournit du financement aux organismes admissibles pour des activités qui appuient le développement des athlètes et des entraîneurs canadiens.,GNC,CLIENT,EXTERN,NGO,BSF01,'Sport Development and High Performance','Développement du sport et performance de haut niveau',"EML,PERSON,POST,TEL",N,,,N,Y,Y,N,N,Y,N,,,,2020-2021,NA,NA,0,0,2329,0,0,0,27,0,0,27,,,https://www.canada.ca/en/canadian-heritage/services/funding/sport-support/sport-centre.html,https://www.canada.ca/fr/patrimoine-canadien/services/financement/soutien-sport/centre-multisport.html,pch,Canadian Heritage | Patrimoine canadien
2023-2024,SRV03246,Sport Support - Sport for Social Development in Indigenous Communities,Soutien au sport - Sport au service du développement social dans les communautés autochtones,"The Sport for Social Development in Indigenous Communities supports Indigenous governments, communities and other not-for-profit Indigenous organizations, as well as non-Indigenous not-for-profit delivery organizations in authentic partnership with an Indigenous organization(s) to deliver sport for social development projects in Indigenous communities in Canada.","Le volet Sport au service du développement social dans les communautés autochtones offre un soutien aux gouvernements, aux communautés et aux organismes autochtones à but non lucratif, ainsi qu’aux organisations de livraison non autochtones à but non lucratif en partenariat authentique avec une ou des organisations autochtones pour réaliser des projets de sport au service du développement social dans les communautés autochtones au Canada.",GNC,CLIENT,EXTERN,NGO,BSF01,'Sport Development and High Performance','Développement du sport et performance de haut niveau',"EML,PERSON,POST,TEL",N,,,N,N,N,N,N,N,N,,,,2020-2021,NA,NA,0,0,0,0,0,0,423,0,0,423,,,https://www.canada.ca/en/canadian-heritage/services/funding/sport-support/stream-two.html,https://www.canada.ca/fr/patrimoine-canadien/services/financement/soutien-sport/deuxieme-composante.html,pch,Canadian Heritage | Patrimoine canadien
2023-2024,1822,Public and media enquiries,Demandes de renseignements du public et des médias,Enquiries from the public and/or media regarding the organization,Demandes de renseignements du public et des médias concernant l’organisation,INFO,SOCIETY,EXTERN,PERSON,BVM01,'Patented Medicine Price Regulation Program','Le programme de réglementation du prix des médicaments brevetés',"EML,POST,TEL",N,,,N,NA,NA,NA,NA,NA,NA,"Media enquiries can be addressed to the PMPRB email or directly to the individual. There is no online portal; given the small size of the organization, there is no intent to implement an online portal.","Les demandes de renseignements des médias peuvent être envoyées à l'adresse courriel du CEPMB ou directement à la personne concernée. Il n'y a pas de portail en ligne; vu la petite taille de l'organisation, on n'entend pas mettre en œuvre un portail en ligne.",,,NA,NA,0,0,14725,0,0,0,82,0,0,82,,,,,pmprb-cepmb,Patented Medicine Prices Review Board Canada | Conseil d'examen du prix des médicaments brevetés Canada
